{
  "export_timestamp": "2025-09-14T10:34:36.558250",
  "total_candidates": 25,
  "candidates": [
    {
      "tic_id": "TIC_1000000",
      "period": 27.75908213670126,
      "depth": 0.07341097336262464,
      "duration": 0.14305760741233825,
      "start_time": 8.494247123561781,
      "end_time": 8.524262131065534,
      "confidence": 1.0,
      "combined_score": 0.8017727643251419,
      "anomaly_probability": 0.3178097017115663,
      "transit_depth_mag": 0.08278211835896407,
      "snr": 7.3410973362624645,
      "quality_score": 0.750915716365105,
      "star_info": {
        "ra": 0.5221139728057755,
        "dec": -47.85135388985551,
        "tmag": 8.626504486268546
      },
      "metadata": {}
    },
    {
      "tic_id": "TIC_1000000",
      "period": 27.75908213670126,
      "depth": 0.07341097336262464,
      "duration": 0.14305760741233825,
      "start_time": 28.60430215107554,
      "end_time": 28.63431715857929,
      "confidence": 1.0,
      "combined_score": 0.8017727643251419,
      "anomaly_probability": 0.1646694348973709,
      "transit_depth_mag": 0.08278211835896407,
      "snr": 7.3410973362624645,
      "quality_score": 0.720287663002266,
      "star_info": {
        "ra": 249.42086429133292,
        "dec": -51.484259584968335,
        "tmag": 14.543196540838878
      },
      "metadata": {}
    },
    {
      "tic_id": "TIC_1000001",
      "period": 27.759085014488015,
      "depth": 0.07341314148157835,
      "duration": 0.14305659040808677,
      "start_time": 1.0355177588794398,
      "end_time": 1.1105552776388194,
      "confidence": 1.0,
      "combined_score": 0.801773390173912,
      "anomaly_probability": 0.4615111826139129,
      "transit_depth_mag": 0.08278465886821969,
      "snr": 7.341314148157835,
      "quality_score": 0.7796605365381128,
      "star_info": {
        "ra": 165.63537286377067,
        "dec": -11.828966720372705,
        "tmag": 12.848113477701423
      },
      "metadata": {}
    },
    {
      "tic_id": "TIC_1000001",
      "period": 27.759085014488015,
      "depth": 0.07341314148157835,
      "duration": 0.14305659040808677,
      "start_time": 1.1405702851425714,
      "end_time": 1.3056528264132066,
      "confidence": 1.0,
      "combined_score": 0.801773390173912,
      "anomaly_probability": 0.4165839337665259,
      "transit_depth_mag": 0.08278465886821969,
      "snr": 7.341314148157835,
      "quality_score": 0.7706750867686355,
      "star_info": {
        "ra": 46.29612824106906,
        "dec": 68.43099251533619,
        "tmag": 10.998767442479611
      },
      "metadata": {}
    },
    {
      "tic_id": "TIC_1000001",
      "period": 27.759085014488015,
      "depth": 0.07341314148157835,
      "duration": 0.14305659040808677,
      "start_time": 3.376688344172086,
      "end_time": 3.406703351675838,
      "confidence": 1.0,
      "combined_score": 0.801773390173912,
      "anomaly_probability": 0.15180320298965175,
      "transit_depth_mag": 0.08278465886821969,
      "snr": 7.341314148157835,
      "quality_score": 0.7177189406132606,
      "star_info": {
        "ra": 190.57175549919398,
        "dec": 26.522434522026614,
        "tmag": 9.92907724910431
      },
      "metadata": {}
    },
    {
      "tic_id": "TIC_1000001",
      "period": 27.759085014488015,
      "depth": 0.07341314148157835,
      "duration": 0.14305659040808677,
      "start_time": 25.60280140070035,
      "end_time": 25.662831415707856,
      "confidence": 1.0,
      "combined_score": 0.801773390173912,
      "anomaly_probability": 0.6602382853716896,
      "transit_depth_mag": 0.08278465886821969,
      "snr": 7.341314148157835,
      "quality_score": 0.8194059570896682,
      "star_info": {
        "ra": 241.11930457345093,
        "dec": 27.06141046759801,
        "tmag": 10.94577467007456
      },
      "metadata": {}
    },
    {
      "tic_id": "TIC_1000001",
      "period": 27.759085014488015,
      "depth": 0.07341314148157835,
      "duration": 0.14305659040808677,
      "start_time": 25.707853926963484,
      "end_time": 25.75287643821911,
      "confidence": 1.0,
      "combined_score": 0.801773390173912,
      "anomaly_probability": 0.7733407109879015,
      "transit_depth_mag": 0.08278465886821969,
      "snr": 7.341314148157835,
      "quality_score": 0.8420264422129106,
      "star_info": {
        "ra": 98.70810046172915,
        "dec": 13.986990182781469,
        "tmag": 10.163386102308323
      },
      "metadata": {}
    },
    {
      "tic_id": "TIC_1000001",
      "period": 27.759085014488015,
      "depth": 0.07341314148157835,
      "duration": 0.14305659040808677,
      "start_time": 25.78289144572286,
      "end_time": 25.812906453226613,
      "confidence": 1.0,
      "combined_score": 0.801773390173912,
      "anomaly_probability": 0.6213633270800878,
      "transit_depth_mag": 0.08278465886821969,
      "snr": 7.341314148157835,
      "quality_score": 0.8116309654313478,
      "star_info": {
        "ra": 17.20493419324372,
        "dec": -81.73910378249114,
        "tmag": 13.676026786631539
      },
      "metadata": {}
    },
    {
      "tic_id": "TIC_1000001",
      "period": 27.759085014488015,
      "depth": 0.07341314148157835,
      "duration": 0.14305659040808677,
      "start_time": 25.85792896448224,
      "end_time": 25.90295147573787,
      "confidence": 1.0,
      "combined_score": 0.801773390173912,
      "anomaly_probability": 0.4039877127445698,
      "transit_depth_mag": 0.08278465886821969,
      "snr": 7.341314148157835,
      "quality_score": 0.7681558425642442,
      "star_info": {
        "ra": 122.82481965612806,
        "dec": 19.354835191560923,
        "tmag": 12.913295407082815
      },
      "metadata": {}
    },
    {
      "tic_id": "TIC_1000001",
      "period": 27.759085014488015,
      "depth": 0.07341314148157835,
      "duration": 0.14305659040808677,
      "start_time": 25.93296648324162,
      "end_time": 25.962981490745374,
      "confidence": 1.0,
      "combined_score": 0.801773390173912,
      "anomaly_probability": 0.24084094279108464,
      "transit_depth_mag": 0.08278465886821969,
      "snr": 7.341314148157835,
      "quality_score": 0.7355264885735472,
      "star_info": {
        "ra": 66.75524690570336,
        "dec": 82.46713459677866,
        "tmag": 12.127650144691986
      },
      "metadata": {}
    },
    {
      "tic_id": "TIC_1000001",
      "period": 27.759085014488015,
      "depth": 0.07341314148157835,
      "duration": 0.14305659040808677,
      "start_time": 25.992996498249127,
      "end_time": 26.023011505752876,
      "confidence": 1.0,
      "combined_score": 0.801773390173912,
      "anomaly_probability": 0.37308153410598777,
      "transit_depth_mag": 0.08278465886821969,
      "snr": 7.341314148157835,
      "quality_score": 0.7619746068365278,
      "star_info": {
        "ra": 288.5190100810223,
        "dec": 4.528612580025097,
        "tmag": 9.69163967262207
      },
      "metadata": {}
    },
    {
      "tic_id": "TIC_1000001",
      "period": 27.759085014488015,
      "depth": 0.07341314148157835,
      "duration": 0.14305659040808677,
      "start_time": 26.05302651325663,
      "end_time": 26.098049024512257,
      "confidence": 1.0,
      "combined_score": 0.801773390173912,
      "anomaly_probability": 0.2447147139491017,
      "transit_depth_mag": 0.08278465886821969,
      "snr": 7.341314148157835,
      "quality_score": 0.7363012428051506,
      "star_info": {
        "ra": 142.86933582113582,
        "dec": 64.78125484677832,
        "tmag": 8.430135412309813
      },
      "metadata": {}
    },
    {
      "tic_id": "TIC_1000002",
      "period": 27.759086975853357,
      "depth": 0.0734145887568593,
      "duration": 0.14305235102772712,
      "start_time": 1.2456228114057029,
      "end_time": 1.2756378189094548,
      "confidence": 1.0,
      "combined_score": 0.801773926615715,
      "anomaly_probability": 0.25296820052833424,
      "transit_depth_mag": 0.08278635472693333,